timestamp_utc,airnow_pm25_obs_ug_m3,geoscf_pm25_fcst_tplus1_ug_m3,geoscf_pm25_fcst_tplus2_ug_m3,geoscf_pm25_fcst_tplus3_ug_m3,hour_utc,day_of_year
2023-11-01 00:00:00+00:00,3.314285714285714,10.871723175048828,12.45858073234558,14.813538153966268,0,305
2023-11-01 01:00:00+00:00,5.328571428571428,12.45858073234558,14.813538153966268,18.360378185908,1,305
2023-11-01 02:00:00+00:00,6.057142857142858,14.813538153966268,18.360378185908,22.66696325937907,2,305
2023-11-01 03:00:00+00:00,7.742857142857143,18.360378185908,22.66696325937907,24.785289764404297,3,305
2023-11-01 04:00:00+00:00,11.471428571428572,22.66696325937907,24.785289764404297,25.684754371643063,4,305
2023-11-01 05:00:00+00:00,11.314285714285715,24.785289764404297,25.684754371643063,23.747025966644287,5,305
2023-11-01 06:00:00+00:00,12.77142857142857,25.684754371643063,23.747025966644287,19.487009684244796,6,305
2023-11-01 07:00:00+00:00,11.785714285714286,23.747025966644287,19.487009684244796,15.33552074432373,7,305
2023-11-01 08:00:00+00:00,10.9,19.487009684244796,15.33552074432373,12.41300344467163,8,305
2023-11-01 09:00:00+00:00,8.571428571428571,15.33552074432373,12.41300344467163,11.466071605682371,9,305
2023-11-01 10:00:00+00:00,8.77142857142857,12.41300344467163,11.466071605682371,11.04982566833496,10,305
2023-11-01 11:00:00+00:00,7.271428571428571,11.466071605682371,11.04982566833496,11.563140392303469,11,305
2023-11-01 12:00:00+00:00,6.1000000000000005,18.392554998397827,17.859307686487835,17.919417182604473,12,305
2023-11-01 13:00:00+00:00,7.6428571428571415,17.859307686487835,17.919417182604473,18.415472825368244,13,305
2023-11-01 14:00:00+00:00,13.05714285714286,17.919417182604473,18.415472825368244,13.332763036092125,14,305
2023-11-01 15:00:00+00:00,12.157142857142858,18.415472825368244,13.332763036092125,10.50385014216105,15,305
2023-11-01 16:00:00+00:00,12.016666666666666,13.332763036092125,10.50385014216105,9.9132452805837,16,305
2023-11-01 17:00:00+00:00,7.616666666666667,10.50385014216105,9.9132452805837,9.286614338556925,17,305
2023-11-01 18:00:00+00:00,4.428571428571429,9.9132452805837,9.286614338556925,10.226973613103231,18,305
2023-11-01 19:00:00+00:00,2.6571428571428575,9.286614338556925,10.226973613103231,10.914774060249329,19,305
2023-11-01 20:00:00+00:00,1.8142857142857147,10.226973613103231,10.914774060249329,12.586360335350037,20,305
2023-11-01 21:00:00+00:00,2.5714285714285716,10.914774060249329,12.586360335350037,17.26322873433431,21,305
2023-11-01 22:00:00+00:00,4.128571428571428,12.586360335350037,17.26322873433431,23.153464953104656,22,305
2023-11-01 23:00:00+00:00,4.414285714285715,17.26322873433431,23.153464953104656,28.514544169108078,23,305
2023-11-02 00:00:00+00:00,3.942857142857143,23.153464953104656,28.514544169108078,33.70051956176758,0,306
2023-11-02 01:00:00+00:00,5.5,28.514544169108078,33.70051956176758,40.43895165125529,1,306
2023-11-02 02:00:00+00:00,6.8999999999999995,33.70051956176758,40.43895165125529,44.22176520029704,2,306
2023-11-02 03:00:00+00:00,8.042857142857143,40.43895165125529,44.22176520029704,45.03010654449463,3,306
2023-11-02 04:00:00+00:00,9.128571428571428,44.22176520029704,45.03010654449463,52.660216649373375,4,306
2023-11-02 05:00:00+00:00,12.528571428571428,45.03010654449463,52.660216649373375,54.79547627766927,5,306
2023-11-02 06:00:00+00:00,9.114285714285714,52.660216649373375,54.79547627766927,55.54989592234293,6,306
2023-11-02 07:00:00+00:00,10.614285714285716,54.79547627766927,55.54989592234293,45.66715494791666,7,306
2023-11-02 08:00:00+00:00,14.128571428571428,55.54989592234293,45.66715494791666,39.58215077718099,8,306
2023-11-02 09:00:00+00:00,10.442857142857141,45.66715494791666,39.58215077718099,35.963175455729164,9,306
2023-11-02 10:00:00+00:00,11.471428571428573,39.58215077718099,35.963175455729164,29.184295972188316,10,306
2023-11-02 11:00:00+00:00,9.285714285714286,35.963175455729164,29.184295972188316,24.451878507932022,11,306
2023-11-02 12:00:00+00:00,9.185714285714287,51.05730120340983,42.88163757324219,39.71876096725464,12,306
2023-11-02 13:00:00+00:00,15.842857142857143,42.88163757324219,39.71876096725464,35.732749938964844,13,306
2023-11-02 14:00:00+00:00,14.07142857142857,39.71876096725464,35.732749938964844,27.971346537272137,14,306
2023-11-02 15:00:00+00:00,14.557142857142855,35.732749938964844,27.971346537272137,25.147284189860027,15,306
2023-11-02 16:00:00+00:00,11.114285714285714,27.971346537272137,25.147284189860027,22.44100062052409,16,306
2023-11-02 17:00:00+00:00,9.642857142857142,25.147284189860027,22.44100062052409,20.5562260945638,17,306
2023-11-02 18:00:00+00:00,8.085714285714287,22.44100062052409,20.5562260945638,20.99068323771159,18,306
2023-11-02 19:00:00+00:00,5.985714285714287,20.5562260945638,20.99068323771159,23.84737968444824,19,306
2023-11-02 20:00:00+00:00,5.857142857142857,20.99068323771159,23.84737968444824,25.912901560465496,20,306
2023-11-02 21:00:00+00:00,7.9,23.84737968444824,25.912901560465496,29.36961491902669,21,306
2023-11-02 22:00:00+00:00,7.271428571428572,25.912901560465496,29.36961491902669,44.46486790974935,22,306
2023-11-02 23:00:00+00:00,5.685714285714285,29.36961491902669,44.46486790974935,56.88249206542969,23,306
2023-11-03 00:00:00+00:00,5.200000000000001,44.46486790974935,56.88249206542969,69.18565877278645,0,307
2023-11-03 01:00:00+00:00,6.9,56.88249206542969,69.18565877278645,79.35953267415364,1,307
2023-11-03 02:00:00+00:00,9.4,69.18565877278645,79.35953267415364,93.15159511566162,2,307
2023-11-03 03:00:00+00:00,14.485714285714284,79.35953267415364,93.15159511566162,113.55311520894368,3,307
2023-11-03 04:00:00+00:00,14.928571428571429,93.15159511566162,113.55311520894368,126.80823103586832,4,307
2023-11-03 05:00:00+00:00,17.02857142857143,113.55311520894368,126.80823103586832,128.1525115966797,5,307
2023-11-03 06:00:00+00:00,14.542857142857144,126.80823103586832,128.1525115966797,130.89363606770834,6,307
2023-11-03 07:00:00+00:00,14.5,128.1525115966797,130.89363606770834,128.57802963256836,7,307
2023-11-03 08:00:00+00:00,15.314285714285715,130.89363606770834,128.57802963256836,123.98566977183025,8,307
2023-11-03 09:00:00+00:00,14.157142857142857,128.57802963256836,123.98566977183025,105.58096075057983,9,307
2023-11-03 10:00:00+00:00,13.828571428571431,123.98566977183025,105.58096075057983,83.72152264912923,10,307
2023-11-03 11:00:00+00:00,13.157142857142858,105.58096075057983,83.72152264912923,78.90691502888997,11,307
2023-11-03 12:00:00+00:00,14.22857142857143,151.90704250335693,143.6307233174642,120.73079442977904,12,307
2023-11-03 13:00:00+00:00,15.171428571428574,143.6307233174642,120.73079442977904,96.21828715006512,13,307
2023-11-03 14:00:00+00:00,18.185714285714287,120.73079442977904,96.21828715006512,69.29840723673503,14,307
2023-11-03 15:00:00+00:00,18.114285714285717,96.21828715006512,69.29840723673503,54.93032964070638,15,307
2023-11-03 16:00:00+00:00,16.05,69.29840723673503,54.93032964070638,47.30943997701009,16,307
2023-11-03 17:00:00+00:00,15.6,54.93032964070638,47.30943997701009,42.24622352917989,17,307
2023-11-03 18:00:00+00:00,14.383333333333333,47.30943997701009,42.24622352917989,37.97886308034261,18,307
2023-11-03 19:00:00+00:00,14.985714285714286,42.24622352917989,37.97886308034261,39.72553316752116,19,307
2023-11-03 20:00:00+00:00,11.428571428571429,37.97886308034261,39.72553316752116,40.98958969116211,20,307
2023-11-03 21:00:00+00:00,10.885714285714286,39.72553316752116,40.98958969116211,43.879432678222656,21,307
2023-11-03 22:00:00+00:00,11.285714285714286,40.98958969116211,43.879432678222656,64.53243017196655,22,307
2023-11-03 23:00:00+00:00,12.471428571428572,43.879432678222656,64.53243017196655,83.1028790473938,23,307
2023-11-04 00:00:00+00:00,12.214285714285714,64.53243017196655,83.1028790473938,100.41033983230592,0,308
2023-11-04 01:00:00+00:00,13.0,83.1028790473938,100.41033983230592,118.09256998697916,1,308
2023-11-04 02:00:00+00:00,18.314285714285717,100.41033983230592,118.09256998697916,135.39961751302084,2,308
2023-11-04 03:00:00+00:00,18.057142857142857,118.09256998697916,135.39961751302084,154.82639948527017,3,308
2023-11-04 04:00:00+00:00,20.285714285714285,135.39961751302084,154.82639948527017,173.9307041168213,4,308
2023-11-04 05:00:00+00:00,20.542857142857144,154.82639948527017,173.9307041168213,180.26873938242596,5,308
2023-11-04 06:00:00+00:00,19.785714285714285,173.9307041168213,180.26873938242596,182.5809227625529,6,308
2023-11-04 07:00:00+00:00,21.314285714285713,180.26873938242596,182.5809227625529,180.68498706817627,7,308
2023-11-04 08:00:00+00:00,20.900000000000002,182.5809227625529,180.68498706817627,174.01336479187012,8,308
2023-11-04 09:00:00+00:00,18.842857142857145,180.68498706817627,174.01336479187012,164.95210075378418,9,308
2023-11-04 10:00:00+00:00,16.82857142857143,174.01336479187012,164.95210075378418,148.69201866785684,10,308
2023-11-04 11:00:00+00:00,15.614285714285716,164.95210075378418,148.69201866785684,120.62092065811156,11,308
2023-11-04 12:00:00+00:00,14.457142857142856,147.23900731404623,129.70164505640665,120.6487636566162,12,308
2023-11-04 13:00:00+00:00,16.742857142857144,129.70164505640665,120.6487636566162,97.04941272735596,13,308
2023-11-04 14:00:00+00:00,17.0,120.6487636566162,97.04941272735596,87.62278366088867,14,308
2023-11-04 15:00:00+00:00,21.099999999999998,97.04941272735596,87.62278366088867,65.22499442100525,15,308
2023-11-04 16:00:00+00:00,22.271428571428572,87.62278366088867,65.22499442100525,52.65972646077474,16,308
2023-11-04 17:00:00+00:00,22.785714285714285,65.22499442100525,52.65972646077474,46.52322196960449,17,308
2023-11-04 18:00:00+00:00,19.8,52.65972646077474,46.52322196960449,38.73578222592672,18,308
2023-11-04 19:00:00+00:00,19.757142857142856,46.52322196960449,38.73578222592672,34.743969440460205,19,308
2023-11-04 20:00:00+00:00,18.75714285714286,38.73578222592672,34.743969440460205,36.31487528483073,20,308
2023-11-04 21:00:00+00:00,15.471428571428572,34.743969440460205,36.31487528483073,41.037566820780434,21,308
2023-11-04 22:00:00+00:00,14.228571428571428,36.31487528483073,41.037566820780434,52.55098978678385,22,308
2023-11-04 23:00:00+00:00,13.442857142857141,41.037566820780434,52.55098978678385,65.94254477818806,23,308
2023-11-05 00:00:00+00:00,13.985714285714286,52.55098978678385,65.94254477818806,76.64558426539104,0,309
2023-11-05 01:00:00+00:00,15.700000000000001,65.94254477818806,76.64558426539104,89.80053106943767,1,309
2023-11-05 02:00:00+00:00,17.314285714285713,76.64558426539104,89.80053106943767,107.01893107096356,2,309
2023-11-05 03:00:00+00:00,17.042857142857144,89.80053106943767,107.01893107096356,123.25287373860677,3,309
2023-11-05 04:00:00+00:00,20.485714285714288,107.01893107096356,123.25287373860677,134.93554178873697,4,309
2023-11-05 05:00:00+00:00,21.900000000000002,123.25287373860677,134.93554178873697,137.44102478027344,5,309
2023-11-05 06:00:00+00:00,23.2,134.93554178873697,137.44102478027344,142.0709431966146,6,309
2023-11-05 07:00:00+00:00,22.58571428571429,137.44102478027344,142.0709431966146,161.49835840861002,7,309
2023-11-05 08:00:00+00:00,24.428571428571427,142.0709431966146,161.49835840861002,156.36374187469482,8,309
2023-11-05 09:00:00+00:00,21.385714285714283,161.49835840861002,156.36374187469482,151.83285522460938,9,309
2023-11-05 10:00:00+00:00,21.3,156.36374187469482,151.83285522460938,151.58882427215576,10,309
2023-11-05 11:00:00+00:00,18.857142857142858,151.83285522460938,151.58882427215576,130.53204409281412,11,309
2023-11-05 12:00:00+00:00,20.185714285714287,160.39628823598227,151.94814745585123,142.3513221740723,12,309
2023-11-05 13:00:00+00:00,19.000000000000004,151.94814745585123,142.3513221740723,106.49930063883464,13,309
2023-11-05 14:00:00+00:00,19.514285714285712,142.3513221740723,106.49930063883464,71.9931526184082,14,309
2023-11-05 15:00:00+00:00,19.557142857142857,106.49930063883464,71.9931526184082,62.82109578450521,15,309
2023-11-05 16:00:00+00:00,20.62857142857143,71.9931526184082,62.82109578450521,52.26968383789063,16,309
2023-11-05 17:00:00+00:00,20.914285714285715,62.82109578450521,52.26968383789063,42.73399861653646,17,309
2023-11-05 18:00:00+00:00,23.17142857142857,52.26968383789063,42.73399861653646,38.184287230173744,18,309
2023-11-05 19:00:00+00:00,24.485714285714288,42.73399861653646,38.184287230173744,32.12863556543986,19,309
2023-11-05 20:00:00+00:00,20.585714285714285,38.184287230173744,32.12863556543986,28.055323282877605,20,309
2023-11-05 21:00:00+00:00,20.342857142857145,32.12863556543986,28.055323282877605,31.97815068562825,21,309
2023-11-05 22:00:00+00:00,16.757142857142856,28.055323282877605,31.97815068562825,41.52584373950958,22,309
2023-11-05 23:00:00+00:00,15.428571428571429,31.97815068562825,41.52584373950958,51.589354038238525,23,309
2023-11-06 00:00:00+00:00,13.185714285714285,41.52584373950958,51.589354038238525,63.32240037123362,0,310
2023-11-06 01:00:00+00:00,17.17142857142857,51.589354038238525,63.32240037123362,78.86792520682017,1,310
2023-11-06 02:00:00+00:00,17.3,63.32240037123362,78.86792520682017,95.6381117105484,2,310
2023-11-06 03:00:00+00:00,19.742857142857144,78.86792520682017,95.6381117105484,111.39336876074474,3,310
2023-11-06 04:00:00+00:00,19.985714285714288,95.6381117105484,111.39336876074474,125.97680668036143,4,310
2023-11-06 05:00:00+00:00,27.814285714285717,111.39336876074474,125.97680668036143,137.6994445323944,5,310
2023-11-06 06:00:00+00:00,20.357142857142858,125.97680668036143,137.6994445323944,146.75559767087302,6,310
2023-11-06 07:00:00+00:00,17.314285714285713,137.6994445323944,146.75559767087302,152.8679404258728,7,310
2023-11-06 08:00:00+00:00,17.542857142857144,146.75559767087302,152.8679404258728,156.06623538335165,8,310
2023-11-06 09:00:00+00:00,18.67142857142857,152.8679404258728,156.06623538335165,156.85824553171793,9,310
2023-11-06 10:00:00+00:00,18.714285714285715,156.06623538335165,156.85824553171793,155.2673215866089,10,310
2023-11-06 11:00:00+00:00,17.585714285714285,156.85824553171793,155.2673215866089,152.531125386556,11,310
2023-11-06 12:00:00+00:00,18.228571428571428,138.6127077738444,143.26795450846353,143.98632748921713,12,310
2023-11-06 13:00:00+00:00,18.033333333333335,143.26795450846353,143.98632748921713,86.69915803273518,13,310
2023-11-06 14:00:00+00:00,18.7,143.98632748921713,86.69915803273518,53.0450005531311,14,310
2023-11-06 15:00:00+00:00,22.5,86.69915803273518,53.0450005531311,36.50346032778422,15,310
2023-11-06 16:00:00+00:00,25.099999999999998,53.0450005531311,36.50346032778422,24.90387360254924,16,310
2023-11-06 17:00:00+00:00,23.04285714285714,36.50346032778422,24.90387360254924,18.89347553253174,17,310
2023-11-06 18:00:00+00:00,22.8,24.90387360254924,18.89347553253174,14.615675131479898,18,310
2023-11-06 19:00:00+00:00,20.75714285714286,18.89347553253174,14.615675131479898,11.27737808227539,19,310
2023-11-06 20:00:00+00:00,18.428571428571427,14.615675131479898,11.27737808227539,8.901443481445312,20,310
2023-11-06 21:00:00+00:00,14.157142857142857,11.27737808227539,8.901443481445312,7.992158571879069,21,310
2023-11-06 22:00:00+00:00,10.828571428571427,8.901443481445312,7.992158571879069,10.193398634592691,22,310
2023-11-06 23:00:00+00:00,10.214285714285714,7.992158571879069,10.193398634592691,13.439558466275534,23,310
2023-11-07 00:00:00+00:00,9.157142857142857,10.193398634592691,13.439558466275534,17.104507466157276,0,311
2023-11-07 01:00:00+00:00,8.457142857142857,13.439558466275534,17.104507466157276,20.93869020541509,1,311
2023-11-07 02:00:00+00:00,6.628571428571428,17.104507466157276,20.93869020541509,25.034778515497845,2,311
2023-11-07 03:00:00+00:00,5.871428571428572,20.93869020541509,25.034778515497845,29.39970127741496,3,311
2023-11-07 04:00:00+00:00,5.328571428571428,25.034778515497845,29.39970127741496,31.62248545885086,4,311
2023-11-07 05:00:00+00:00,6.042857142857143,29.39970127741496,31.62248545885086,30.49823357661565,5,311
2023-11-07 06:00:00+00:00,6.085714285714286,31.62248545885086,30.49823357661565,29.84073382616043,6,311
2023-11-07 07:00:00+00:00,6.3999999999999995,30.49823357661565,29.84073382616043,28.32897857824961,7,311
2023-11-07 08:00:00+00:00,7.528571428571429,29.84073382616043,28.32897857824961,28.2274128595988,8,311
2023-11-07 09:00:00+00:00,6.5,28.32897857824961,28.2274128595988,28.708567301432293,9,311
2023-11-07 10:00:00+00:00,5.614285714285714,28.2274128595988,28.708567301432293,29.038586219151814,10,311
2023-11-07 11:00:00+00:00,5.585714285714286,28.708567301432293,29.038586219151814,29.38361354668935,11,311
2023-11-07 12:00:00+00:00,5.314285714285714,28.10943444569905,27.65932861963908,27.429402430852253,12,311
2023-11-07 13:00:00+00:00,6.614285714285714,27.65932861963908,27.429402430852253,20.22913408279419,13,311
2023-11-07 14:00:00+00:00,8.457142857142857,27.429402430852253,20.22913408279419,13.16679342587789,14,311
2023-11-07 15:00:00+00:00,9.9,20.22913408279419,13.16679342587789,10.415205717086792,15,311
2023-11-07 16:00:00+00:00,9.433333333333334,13.16679342587789,10.415205717086792,9.687215805053713,16,311
2023-11-07 17:00:00+00:00,8.98,10.415205717086792,9.687215805053713,9.223936518033346,17,311
2023-11-07 18:00:00+00:00,7.385714285714286,9.687215805053713,9.223936518033346,8.441499054431915,18,311
2023-11-07 19:00:00+00:00,5.457142857142857,9.223936518033346,8.441499054431915,7.52212260166804,19,311
2023-11-07 20:00:00+00:00,6.083333333333333,8.441499054431915,7.52212260166804,6.442082405090332,20,311
2023-11-07 21:00:00+00:00,6.416666666666667,7.52212260166804,6.442082405090332,6.115849494934082,21,311
2023-11-07 22:00:00+00:00,7.483333333333334,6.442082405090332,6.115849494934082,7.543494582176208,22,311
2023-11-07 23:00:00+00:00,6.471428571428571,6.115849494934082,7.543494582176208,9.481831232706703,23,311
2023-11-08 00:00:00+00:00,5.685714285714285,7.543494582176208,9.481831232706703,11.539023081461588,0,312
2023-11-08 01:00:00+00:00,6.071428571428571,9.481831232706703,11.539023081461588,12.3573868672053,1,312
2023-11-08 02:00:00+00:00,7.514285714285713,11.539023081461588,12.3573868672053,14.38998685280482,2,312
2023-11-08 03:00:00+00:00,7.571428571428571,12.3573868672053,14.38998685280482,16.738622049490612,3,312
2023-11-08 04:00:00+00:00,7.128571428571428,14.38998685280482,16.738622049490612,19.162366072336837,4,312
2023-11-08 05:00:00+00:00,6.799999999999999,16.738622049490612,19.162366072336837,21.047980070114136,5,312
2023-11-08 06:00:00+00:00,7.857142857142857,19.162366072336837,21.047980070114136,22.52522667249044,6,312
2023-11-08 07:00:00+00:00,7.171428571428572,21.047980070114136,22.52522667249044,24.121289531389877,7,312
2023-11-08 08:00:00+00:00,9.257142857142854,22.52522667249044,24.121289531389877,25.934585094451904,8,312
2023-11-08 09:00:00+00:00,8.414285714285715,24.121289531389877,25.934585094451904,27.458045959472656,9,312
2023-11-08 10:00:00+00:00,7.299999999999999,25.934585094451904,27.458045959472656,28.122036298116047,10,312
2023-11-08 11:00:00+00:00,8.542857142857143,27.458045959472656,28.122036298116047,27.817441940307617,11,312
2023-11-08 12:00:00+00:00,7.328571428571428,33.679761250813804,30.63258870442708,25.207300901412964,12,312
2023-11-08 13:00:00+00:00,10.414285714285715,30.63258870442708,25.207300901412964,13.333043376604715,13,312
2023-11-08 14:00:00+00:00,8.2,25.207300901412964,13.333043376604715,5.247989734013875,14,312
2023-11-08 15:00:00+00:00,10.6,13.333043376604715,5.247989734013875,3.538084983825684,15,312
2023-11-08 16:00:00+00:00,12.328571428571427,5.247989734013875,3.538084983825684,3.0915093421936035,16,312
2023-11-08 17:00:00+00:00,8.500000000000002,3.538084983825684,3.0915093421936035,3.125291665395101,17,312
2023-11-08 18:00:00+00:00,7.666666666666667,3.0915093421936035,3.125291665395101,3.289601802825928,18,312
2023-11-08 19:00:00+00:00,5.516666666666667,3.125291665395101,3.289601802825928,3.396707852681478,19,312
2023-11-08 20:00:00+00:00,4.328571428571428,3.289601802825928,3.396707852681478,3.4382159312566123,20,312
2023-11-08 21:00:00+00:00,4.828571428571428,3.396707852681478,3.4382159312566123,3.8759870131810503,21,312
2023-11-08 22:00:00+00:00,4.457142857142857,3.4382159312566123,3.8759870131810503,4.916197299957275,22,312
2023-11-08 23:00:00+00:00,4.0,3.8759870131810503,4.916197299957275,5.960711518923442,23,312
2023-11-09 00:00:00+00:00,4.2,4.916197299957275,5.960711518923442,7.117477099100749,0,313
2023-11-09 01:00:00+00:00,4.242857142857142,5.960711518923442,7.117477099100749,8.705624361832937,1,313
2023-11-09 02:00:00+00:00,7.2285714285714295,7.117477099100749,8.705624361832937,10.394759058952332,2,313
2023-11-09 03:00:00+00:00,6.7,8.705624361832937,10.394759058952332,11.677316228548683,3,313
2023-11-09 04:00:00+00:00,5.814285714285715,10.394759058952332,11.677316228548683,11.988329629103342,4,313
2023-11-09 05:00:00+00:00,8.185714285714285,11.677316228548683,11.988329629103342,11.370662132898966,5,313
2023-11-09 06:00:00+00:00,9.314285714285715,11.988329629103342,11.370662132898966,10.175354560216268,6,313
2023-11-09 07:00:00+00:00,8.671428571428573,11.370662132898966,10.175354560216268,8.935451944669088,7,313
2023-11-09 08:00:00+00:00,9.971428571428572,10.175354560216268,8.935451944669088,7.7455094655354815,8,313
2023-11-09 09:00:00+00:00,8.9,8.935451944669088,7.7455094655354815,6.874038328727086,9,313
2023-11-09 10:00:00+00:00,8.757142857142856,7.7455094655354815,6.874038328727086,6.262598355611165,10,313
2023-11-09 11:00:00+00:00,9.757142857142856,6.874038328727086,6.262598355611165,5.980690320332845,11,313
2023-11-09 12:00:00+00:00,8.585714285714287,5.329132378101349,5.3466455936431885,6.217258771260579,12,313
2023-11-09 13:00:00+00:00,9.771428571428572,5.3466455936431885,6.217258771260579,6.593833227952321,13,313
2023-11-09 14:00:00+00:00,15.342857142857142,6.217258771260579,6.593833227952321,5.351926743984222,14,313
2023-11-09 15:00:00+00:00,12.9,6.593833227952321,5.351926743984222,4.7700391213099165,15,313
2023-11-09 16:00:00+00:00,13.483333333333333,5.351926743984222,4.7700391213099165,4.456280787785848,16,313
2023-11-09 17:00:00+00:00,8.416666666666666,4.7700391213099165,4.456280787785848,4.460537274678548,17,313
2023-11-09 18:00:00+00:00,4.133333333333334,4.456280787785848,4.460537274678548,4.601104100545247,18,313
2023-11-09 19:00:00+00:00,1.8499999999999999,4.460537274678548,4.601104100545247,4.83495044708252,19,313
2023-11-09 20:00:00+00:00,1.2833333333333334,4.601104100545247,4.83495044708252,5.286770025889079,20,313
2023-11-09 21:00:00+00:00,1.3142857142857145,4.83495044708252,5.286770025889079,6.593850453694661,21,313
2023-11-09 22:00:00+00:00,2.2285714285714286,5.286770025889079,6.593850453694661,8.605444153149923,22,313
2023-11-09 23:00:00+00:00,1.6714285714285713,6.593850453694661,8.605444153149923,11.133111794789633,23,313
2023-11-10 00:00:00+00:00,2.3142857142857145,8.605444153149923,11.133111794789633,14.19049330552419,0,314
2023-11-10 01:00:00+00:00,4.085714285714285,11.133111794789633,14.19049330552419,17.022251685460407,1,314
2023-11-10 02:00:00+00:00,8.3,14.19049330552419,17.022251685460407,19.28336000442505,2,314
2023-11-10 03:00:00+00:00,9.62857142857143,17.022251685460407,19.28336000442505,20.696341196695965,3,314
2023-11-10 04:00:00+00:00,9.185714285714283,19.28336000442505,20.696341196695965,20.955960194269817,4,314
2023-11-10 05:00:00+00:00,11.799999999999999,20.696341196695965,20.955960194269817,20.716642061869305,5,314
2023-11-10 06:00:00+00:00,11.685714285714285,20.955960194269817,20.716642061869305,19.65235408147176,6,314
2023-11-10 07:00:00+00:00,11.942857142857145,20.716642061869305,19.65235408147176,18.25330360730489,7,314
2023-11-10 08:00:00+00:00,10.314285714285713,19.65235408147176,18.25330360730489,17.11609713236491,8,314
2023-11-10 09:00:00+00:00,10.471428571428572,18.25330360730489,17.11609713236491,16.315412521362305,9,314
2023-11-10 10:00:00+00:00,7.771428571428571,17.11609713236491,16.315412521362305,16.014839967091877,10,314
2023-11-10 11:00:00+00:00,8.285714285714286,16.315412521362305,16.014839967091877,16.256958802541096,11,314
2023-11-10 12:00:00+00:00,7.514285714285713,18.683236440022785,18.285202503204346,19.125998099644978,12,314
2023-11-10 13:00:00+00:00,8.499999999999998,18.285202503204346,19.125998099644978,19.862603505452476,13,314
2023-11-10 14:00:00+00:00,11.757142857142856,19.125998099644978,19.862603505452476,14.816480000813804,14,314
2023-11-10 15:00:00+00:00,11.62857142857143,19.862603505452476,14.816480000813804,11.661603450775146,15,314
2023-11-10 16:00:00+00:00,11.328571428571427,14.816480000813804,11.661603450775146,10.18213987350464,16,314
2023-11-10 17:00:00+00:00,10.900000000000002,11.661603450775146,10.18213987350464,10.222874800364176,17,314
2023-11-10 18:00:00+00:00,7.585714285714287,10.18213987350464,10.222874800364176,11.26434048016866,18,314
2023-11-10 19:00:00+00:00,7.1,10.222874800364176,11.26434048016866,12.140310287475586,19,314
2023-11-10 20:00:00+00:00,7.9142857142857155,11.26434048016866,12.140310287475586,13.521817525227863,20,314
2023-11-10 21:00:00+00:00,4.642857142857143,12.140310287475586,13.521817525227863,17.512171347935993,21,314
2023-11-10 22:00:00+00:00,4.657142857142857,13.521817525227863,17.512171347935993,23.322874704996742,22,314
2023-11-10 23:00:00+00:00,6.857142857142857,17.512171347935993,23.322874704996742,30.2203639348348,23,314
2023-11-11 00:00:00+00:00,6.185714285714286,23.322874704996742,30.2203639348348,36.53210989634196,0,315
2023-11-11 01:00:00+00:00,8.457142857142857,30.2203639348348,36.53210989634196,42.79568894704183,1,315
2023-11-11 02:00:00+00:00,12.285714285714286,36.53210989634196,42.79568894704183,50.358339150746666,2,315
2023-11-11 03:00:00+00:00,16.65714285714286,42.79568894704183,50.358339150746666,57.2315997282664,3,315
2023-11-11 04:00:00+00:00,18.2,50.358339150746666,57.2315997282664,63.09873461723328,4,315
2023-11-11 05:00:00+00:00,21.314285714285717,57.2315997282664,63.09873461723328,60.74997520446777,5,315
2023-11-11 06:00:00+00:00,24.942857142857143,63.09873461723328,60.74997520446777,51.97614792982737,6,315
2023-11-11 07:00:00+00:00,21.37142857142857,60.74997520446777,51.97614792982737,49.026920795440674,7,315
2023-11-11 08:00:00+00:00,21.957142857142856,51.97614792982737,49.026920795440674,39.85825574398041,8,315
2023-11-11 09:00:00+00:00,18.67142857142857,49.026920795440674,39.85825574398041,30.20580705006917,9,315
2023-11-11 10:00:00+00:00,23.028571428571432,39.85825574398041,30.20580705006917,24.75942579905192,10,315
2023-11-11 11:00:00+00:00,17.8,30.20580705006917,24.75942579905192,20.50491984685262,11,315
2023-11-11 12:00:00+00:00,16.857142857142858,43.35154517491659,32.35556809107462,26.265679995218917,12,315
2023-11-11 13:00:00+00:00,14.228571428571428,32.35556809107462,26.265679995218917,23.653485616048176,13,315
2023-11-11 14:00:00+00:00,13.7,26.265679995218917,23.653485616048176,18.265911142031356,14,315
2023-11-11 15:00:00+00:00,14.62857142857143,23.653485616048176,18.265911142031356,14.153778354326883,15,315
2023-11-11 16:00:00+00:00,12.357142857142858,18.265911142031356,14.153778354326883,13.867295384407043,16,315
2023-11-11 17:00:00+00:00,10.828571428571427,14.153778354326883,13.867295384407043,12.820432821909586,17,315
2023-11-11 18:00:00+00:00,7.771428571428571,13.867295384407043,12.820432821909586,13.48965815703074,18,315
2023-11-11 19:00:00+00:00,6.871428571428571,12.820432821909586,13.48965815703074,15.564743638038635,19,315
2023-11-11 20:00:00+00:00,6.314285714285715,13.48965815703074,15.564743638038635,19.13871204853058,20,315
2023-11-11 21:00:00+00:00,5.028571428571429,15.564743638038635,19.13871204853058,24.441094716389973,21,315
2023-11-11 22:00:00+00:00,5.128571428571428,19.13871204853058,24.441094716389973,26.65816720326741,22,315
2023-11-11 23:00:00+00:00,5.6000000000000005,24.441094716389973,26.65816720326741,28.82363526026408,23,315
2023-11-12 00:00:00+00:00,8.566666666666668,26.65816720326741,28.82363526026408,30.739505926767983,0,316
2023-11-12 01:00:00+00:00,9.0,28.82363526026408,30.739505926767983,36.11742560068766,1,316
2023-11-12 02:00:00+00:00,11.683333333333332,30.739505926767983,36.11742560068766,40.134275674819946,2,316
2023-11-12 03:00:00+00:00,15.683333333333332,36.11742560068766,40.134275674819946,43.40625063578288,3,316
2023-11-12 04:00:00+00:00,20.666666666666668,40.134275674819946,43.40625063578288,44.87180304527283,4,316
2023-11-12 05:00:00+00:00,23.0,43.40625063578288,44.87180304527283,41.56769891579946,5,316
2023-11-12 06:00:00+00:00,21.485714285714288,44.87180304527283,41.56769891579946,36.35798819859823,6,316
2023-11-12 07:00:00+00:00,26.7,41.56769891579946,36.35798819859823,25.454941987991333,7,316
2023-11-12 08:00:00+00:00,23.942857142857143,36.35798819859823,25.454941987991333,20.759939908981323,8,316
2023-11-12 09:00:00+00:00,21.9,25.454941987991333,20.759939908981323,15.686349709828695,9,316
2023-11-12 10:00:00+00:00,15.342857142857143,20.759939908981323,15.686349709828695,13.270816286404928,10,316
2023-11-12 11:00:00+00:00,11.85714285714286,15.686349709828695,13.270816286404928,11.904146591822306,11,316
2023-11-12 12:00:00+00:00,10.528571428571428,19.53498315811157,16.48950493335724,15.594430446624756,12,316
2023-11-12 13:00:00+00:00,8.371428571428572,16.48950493335724,15.594430446624756,15.784926176071169,13,316
2023-11-12 14:00:00+00:00,9.814285714285715,15.594430446624756,15.784926176071169,13.228076974550882,14,316
2023-11-12 15:00:00+00:00,9.171428571428573,15.784926176071169,13.228076974550882,9.860543568929035,15,316
2023-11-12 16:00:00+00:00,7.942857142857144,13.228076974550882,9.860543568929035,9.66751766204834,16,316
2023-11-12 17:00:00+00:00,6.9,9.860543568929035,9.66751766204834,9.954581459363302,17,316
2023-11-12 18:00:00+00:00,4.828571428571429,9.66751766204834,9.954581459363302,10.52070959409078,18,316
2023-11-12 19:00:00+00:00,3.9428571428571426,9.954581459363302,10.52070959409078,12.133958141009012,19,316
2023-11-12 20:00:00+00:00,3.4285714285714284,10.52070959409078,12.133958141009012,13.71118434270223,20,316
2023-11-12 21:00:00+00:00,2.8,12.133958141009012,13.71118434270223,17.313841501871746,21,316
2023-11-12 22:00:00+00:00,2.442857142857143,13.71118434270223,17.313841501871746,21.68537712097168,22,316
2023-11-12 23:00:00+00:00,4.885714285714286,17.313841501871746,21.68537712097168,26.89645512898763,23,316
2023-11-13 00:00:00+00:00,7.828571428571429,21.68537712097168,26.89645512898763,31.627203464508057,0,317
2023-11-13 01:00:00+00:00,9.37142857142857,26.89645512898763,31.627203464508057,37.155755360921226,1,317
2023-11-13 02:00:00+00:00,11.214285714285714,31.627203464508057,37.155755360921226,39.685132344563804,2,317
2023-11-13 03:00:00+00:00,15.214285714285714,37.155755360921226,39.685132344563804,48.29133145014445,3,317
2023-11-13 04:00:00+00:00,15.566666666666668,39.685132344563804,48.29133145014445,52.14740975697836,4,317
2023-11-13 05:00:00+00:00,20.214285714285715,48.29133145014445,52.14740975697836,53.94400787353516,5,317
2023-11-13 06:00:00+00:00,18.671428571428574,52.14740975697836,53.94400787353516,54.13689645131429,6,317
2023-11-13 07:00:00+00:00,16.285714285714285,53.94400787353516,54.13689645131429,50.51793924967448,7,317
2023-11-13 08:00:00+00:00,16.985714285714288,54.13689645131429,50.51793924967448,49.18949190775553,8,317
2023-11-13 09:00:00+00:00,15.114285714285712,50.51793924967448,49.18949190775553,48.19453112284342,9,317
2023-11-13 10:00:00+00:00,18.742857142857144,49.18949190775553,48.19453112284342,48.691924254099526,10,317
2023-11-13 11:00:00+00:00,13.742857142857144,48.19453112284342,48.691924254099526,48.02249654134115,11,317
2023-11-13 12:00:00+00:00,13.571428571428571,86.26060104370117,80.53707885742188,74.64346281687419,12,317
2023-11-13 13:00:00+00:00,15.342857142857143,80.53707885742188,74.64346281687419,68.42678356170654,13,317
2023-11-13 14:00:00+00:00,15.214285714285712,74.64346281687419,68.42678356170654,45.05690670013428,14,317
2023-11-13 15:00:00+00:00,15.457142857142857,68.42678356170654,45.05690670013428,33.518876711527504,15,317
2023-11-13 16:00:00+00:00,14.0,45.05690670013428,33.518876711527504,27.4707768758138,16,317
2023-11-13 17:00:00+00:00,12.785714285714286,33.518876711527504,27.4707768758138,22.32447369893392,17,317
2023-11-13 18:00:00+00:00,10.514285714285716,27.4707768758138,22.32447369893392,19.56945292154948,18,317
2023-11-13 19:00:00+00:00,9.057142857142859,22.32447369893392,19.56945292154948,15.392499287923178,19,317
2023-11-13 20:00:00+00:00,7.757142857142857,19.56945292154948,15.392499287923178,13.189015706380207,20,317
2023-11-13 21:00:00+00:00,6.557142857142857,15.392499287923178,13.189015706380207,15.133178154627482,21,317
2023-11-13 22:00:00+00:00,6.271428571428571,13.189015706380207,15.133178154627482,22.34091567993164,22,317
2023-11-13 23:00:00+00:00,7.342857142857143,15.133178154627482,22.34091567993164,31.559395790100098,23,317
2023-11-14 00:00:00+00:00,7.4142857142857155,22.34091567993164,31.559395790100098,40.85625330607096,0,318
2023-11-14 01:00:00+00:00,9.771428571428572,31.559395790100098,40.85625330607096,50.04816691080729,1,318
2023-11-14 02:00:00+00:00,12.128571428571428,40.85625330607096,50.04816691080729,58.22879362106323,2,318
2023-11-14 03:00:00+00:00,15.314285714285715,50.04816691080729,58.22879362106323,65.7833137512207,3,318
2023-11-14 04:00:00+00:00,15.314285714285717,58.22879362106323,65.7833137512207,71.76638158162434,4,318
2023-11-14 05:00:00+00:00,15.616666666666665,65.7833137512207,71.76638158162434,74.66949717203777,5,318
2023-11-14 06:00:00+00:00,19.900000000000002,71.76638158162434,74.66949717203777,74.24916458129883,6,318
2023-11-14 07:00:00+00:00,17.866666666666664,74.66949717203777,74.24916458129883,71.81414262453715,7,318
2023-11-14 08:00:00+00:00,16.233333333333334,74.24916458129883,71.81414262453715,68.56314818064372,8,318
2023-11-14 09:00:00+00:00,15.599999999999998,71.81414262453715,68.56314818064372,65.26115266482036,9,318
2023-11-14 10:00:00+00:00,14.142857142857142,68.56314818064372,65.26115266482036,62.54422251383463,10,318
2023-11-14 11:00:00+00:00,12.857142857142856,65.26115266482036,62.54422251383463,60.513704220453896,11,318
2023-11-14 12:00:00+00:00,14.514285714285714,71.94494938850403,67.27033154169719,64.19549028078715,12,318
2023-11-14 13:00:00+00:00,14.357142857142858,67.27033154169719,64.19549028078715,59.33869202931722,13,318
2023-11-14 14:00:00+00:00,14.885714285714286,64.19549028078715,59.33869202931722,33.055981953938804,14,318
2023-11-14 15:00:00+00:00,16.357142857142858,59.33869202931722,33.055981953938804,20.50501847267151,15,318
2023-11-14 16:00:00+00:00,16.071428571428573,33.055981953938804,20.50501847267151,16.612939914067585,16,318
2023-11-14 17:00:00+00:00,13.042857142857144,20.50501847267151,16.612939914067585,15.013054490089417,17,318
2023-11-14 18:00:00+00:00,10.016666666666667,16.612939914067585,15.013054490089417,15.842102527618408,18,318
2023-11-14 19:00:00+00:00,6.050000000000001,15.013054490089417,15.842102527618408,16.717918356259663,19,318
2023-11-14 20:00:00+00:00,7.8999999999999995,15.842102527618408,16.717918356259663,18.469707647959392,20,318
2023-11-14 21:00:00+00:00,5.185714285714286,16.717918356259663,18.469707647959392,24.26865315437317,21,318
2023-11-14 22:00:00+00:00,4.766666666666667,18.469707647959392,24.26865315437317,34.644861698150635,22,318
2023-11-14 23:00:00+00:00,5.185714285714286,24.26865315437317,34.644861698150635,45.78445180257162,23,318
2023-11-15 00:00:00+00:00,5.628571428571428,34.644861698150635,45.78445180257162,53.78703816731771,0,319
2023-11-15 01:00:00+00:00,10.814285714285715,45.78445180257162,53.78703816731771,63.17203458150228,1,319
2023-11-15 02:00:00+00:00,13.328571428571431,53.78703816731771,63.17203458150228,68.37150065104167,2,319
2023-11-15 03:00:00+00:00,15.228571428571428,63.17203458150228,68.37150065104167,72.4270731608073,3,319
2023-11-15 04:00:00+00:00,20.099999999999998,68.37150065104167,72.4270731608073,80.14999262491862,4,319
2023-11-15 05:00:00+00:00,20.071428571428573,72.4270731608073,80.14999262491862,83.57615820566814,5,319
2023-11-15 06:00:00+00:00,18.257142857142856,80.14999262491862,83.57615820566814,87.61253229777019,6,319
2023-11-15 07:00:00+00:00,19.771428571428572,83.57615820566814,87.61253229777019,89.83545446395874,7,319
2023-11-15 08:00:00+00:00,15.742857142857144,87.61253229777019,89.83545446395874,79.88777605692546,8,319
2023-11-15 09:00:00+00:00,16.65714285714286,89.83545446395874,79.88777605692546,72.23342974980672,9,319
2023-11-15 10:00:00+00:00,14.12857142857143,79.88777605692546,72.23342974980672,71.39431381225586,10,319
2023-11-15 11:00:00+00:00,15.371428571428575,72.23342974980672,71.39431381225586,69.91485627492268,11,319
2023-11-15 12:00:00+00:00,14.0,77.73724333445232,73.91778564453125,71.52822621663411,12,319
2023-11-15 13:00:00+00:00,16.75714285714286,73.91778564453125,71.52822621663411,65.2400410970052,13,319
2023-11-15 14:00:00+00:00,16.72857142857143,71.52822621663411,65.2400410970052,27.848294576009117,14,319
2023-11-15 15:00:00+00:00,15.457142857142859,65.2400410970052,27.848294576009117,13.500778834025065,15,319
2023-11-15 16:00:00+00:00,17.085714285714285,27.848294576009117,13.500778834025065,10.841822306315104,16,319
2023-11-15 17:00:00+00:00,17.499999999999996,13.500778834025065,10.841822306315104,11.569300969441732,17,319
2023-11-15 18:00:00+00:00,16.271428571428572,10.841822306315104,11.569300969441732,13.666150569915771,18,319
2023-11-15 19:00:00+00:00,12.242857142857144,11.569300969441732,13.666150569915771,15.210949579874674,19,319
2023-11-15 20:00:00+00:00,11.085714285714287,13.666150569915771,15.210949579874674,17.406793355941772,20,319
2023-11-15 21:00:00+00:00,7.5857142857142845,15.210949579874674,17.406793355941772,20.252404411633808,21,319
2023-11-15 22:00:00+00:00,6.0,17.406793355941772,20.252404411633808,18.63458641370137,22,319
2023-11-15 23:00:00+00:00,8.185714285714287,20.252404411633808,18.63458641370137,19.2899382909139,23,319
2023-11-16 00:00:00+00:00,9.214285714285714,18.63458641370137,19.2899382909139,20.51580599943797,0,320
2023-11-16 01:00:00+00:00,9.071428571428571,19.2899382909139,20.51580599943797,21.0442689259847,1,320
2023-11-16 02:00:00+00:00,9.985714285714286,20.51580599943797,21.0442689259847,20.60006841023763,2,320
2023-11-16 03:00:00+00:00,10.142857142857144,21.0442689259847,20.60006841023763,20.65388528505961,3,320
2023-11-16 04:00:00+00:00,9.742857142857144,20.60006841023763,20.65388528505961,21.174357096354168,4,320
2023-11-16 05:00:00+00:00,8.014285714285714,20.65388528505961,21.174357096354168,22.081746180852253,5,320
2023-11-16 06:00:00+00:00,5.442857142857143,21.174357096354168,22.081746180852253,23.900914192199707,6,320
2023-11-16 07:00:00+00:00,6.914285714285714,22.081746180852253,23.900914192199707,26.65269724527995,7,320
2023-11-16 08:00:00+00:00,7.657142857142857,23.900914192199707,26.65269724527995,29.408624092737835,8,320
2023-11-16 09:00:00+00:00,7.342857142857142,26.65269724527995,29.408624092737835,31.267696380615234,9,320
2023-11-16 10:00:00+00:00,7.242857142857142,29.408624092737835,31.267696380615234,32.09728749593099,10,320
2023-11-16 11:00:00+00:00,8.814285714285713,31.267696380615234,32.09728749593099,32.4062614440918,11,320
2023-11-16 12:00:00+00:00,7.671428571428571,43.80265045166016,44.620036919911705,45.75287119547526,12,320
2023-11-16 13:00:00+00:00,9.128571428571428,44.620036919911705,45.75287119547526,26.93700297673543,13,320
2023-11-16 14:00:00+00:00,9.5,45.75287119547526,26.93700297673543,13.179951985677084,14,320
2023-11-16 15:00:00+00:00,10.700000000000001,26.93700297673543,13.179951985677084,7.721557935078938,15,320
2023-11-16 16:00:00+00:00,12.942857142857145,13.179951985677084,7.721557935078938,6.264881392319997,16,320
2023-11-16 17:00:00+00:00,6.733333333333333,7.721557935078938,6.264881392319997,5.787699858347575,17,320
2023-11-16 18:00:00+00:00,4.083333333333333,6.264881392319997,5.787699858347575,5.5418093999226885,18,320
2023-11-16 19:00:00+00:00,3.4333333333333336,5.787699858347575,5.5418093999226885,5.337115128835042,19,320
2023-11-16 20:00:00+00:00,3.6999999999999997,5.5418093999226885,5.337115128835042,5.284543514251709,20,320
2023-11-16 21:00:00+00:00,3.4333333333333336,5.337115128835042,5.284543514251709,6.630766908327739,21,320
2023-11-16 22:00:00+00:00,4.000000000000001,5.284543514251709,6.630766908327739,10.793632427851358,22,320
2023-11-16 23:00:00+00:00,4.2142857142857135,6.630766908327739,10.793632427851358,15.956397116184236,23,320
2023-11-17 00:00:00+00:00,4.357142857142857,10.793632427851358,15.956397116184236,22.054666777451832,0,321
2023-11-17 01:00:00+00:00,6.028571428571429,15.956397116184236,22.054666777451832,29.076380213101704,1,321
2023-11-17 02:00:00+00:00,6.142857142857143,22.054666777451832,29.076380213101704,37.60575107733408,2,321
2023-11-17 03:00:00+00:00,5.771428571428572,29.076380213101704,37.60575107733408,47.80483492215475,3,321
2023-11-17 04:00:00+00:00,5.785714285714286,37.60575107733408,47.80483492215475,58.43393707275391,4,321
2023-11-17 05:00:00+00:00,10.942857142857141,47.80483492215475,58.43393707275391,67.69482930501302,5,321
2023-11-17 06:00:00+00:00,11.37142857142857,58.43393707275391,67.69482930501302,74.82333501180013,6,321
2023-11-17 07:00:00+00:00,10.357142857142858,67.69482930501302,74.82333501180013,80.09811433156331,7,321
2023-11-17 08:00:00+00:00,19.585714285714285,74.82333501180013,80.09811433156331,81.5352160135905,8,321
2023-11-17 09:00:00+00:00,8.457142857142857,80.09811433156331,81.5352160135905,80.48158423105876,9,321
2023-11-17 10:00:00+00:00,11.471428571428572,81.5352160135905,80.48158423105876,78.40232849121094,10,321
2023-11-17 11:00:00+00:00,9.214285714285712,80.48158423105876,78.40232849121094,74.62542740503947,11,321
2023-11-17 12:00:00+00:00,7.371428571428572,76.22959391276042,68.15748151143391,62.68947092692057,12,321
2023-11-17 13:00:00+00:00,8.82857142857143,68.15748151143391,62.68947092692057,44.125081380208336,13,321
2023-11-17 14:00:00+00:00,9.6,62.68947092692057,44.125081380208336,15.014378706614176,14,321
2023-11-17 15:00:00+00:00,10.385714285714286,44.125081380208336,15.014378706614176,8.908421198527018,15,321
2023-11-17 16:00:00+00:00,11.528571428571428,15.014378706614176,8.908421198527018,7.250610709190369,16,321
2023-11-17 17:00:00+00:00,8.342857142857143,8.908421198527018,7.250610709190369,6.765724500020345,17,321
2023-11-17 18:00:00+00:00,7.042857142857143,7.250610709190369,6.765724500020345,6.147272785504659,18,321
2023-11-17 19:00:00+00:00,5.014285714285714,6.765724500020345,6.147272785504659,5.734528819719951,19,321
2023-11-17 20:00:00+00:00,4.628571428571428,6.147272785504659,5.734528819719951,5.552642027537028,20,321
2023-11-17 21:00:00+00:00,5.628571428571428,5.734528819719951,5.552642027537028,6.612495422363281,21,321
2023-11-17 22:00:00+00:00,7.242857142857143,5.552642027537028,6.612495422363281,9.837680498758951,22,321
2023-11-17 23:00:00+00:00,5.214285714285714,6.612495422363281,9.837680498758951,12.796532769997915,23,321
2023-11-18 00:00:00+00:00,6.914285714285714,9.837680498758951,12.796532769997915,16.387328565120697,0,322
2023-11-18 01:00:00+00:00,8.928571428571429,12.796532769997915,16.387328565120697,19.03702672322591,1,322
2023-11-18 02:00:00+00:00,9.314285714285715,16.387328565120697,19.03702672322591,19.687664012114208,2,322
2023-11-18 03:00:00+00:00,11.314285714285715,19.03702672322591,19.687664012114208,19.739400287469227,3,322
2023-11-18 04:00:00+00:00,10.12857142857143,19.687664012114208,19.739400287469227,20.00810782114665,4,322
2023-11-18 05:00:00+00:00,8.37142857142857,19.739400287469227,20.00810782114665,19.493361721436184,5,322
2023-11-18 06:00:00+00:00,9.442857142857141,20.00810782114665,19.493361721436184,18.24409328897794,6,322
2023-11-18 07:00:00+00:00,12.557142857142859,19.493361721436184,18.24409328897794,18.650305678447086,7,322
2023-11-18 08:00:00+00:00,11.071428571428573,18.24409328897794,18.650305678447086,19.450111558039985,8,322
2023-11-18 09:00:00+00:00,9.442857142857141,18.650305678447086,19.450111558039985,20.049100240071613,9,322
2023-11-18 10:00:00+00:00,10.142857142857142,19.450111558039985,20.049100240071613,20.87671693166097,10,322
2023-11-18 11:00:00+00:00,8.171428571428569,20.049100240071613,20.87671693166097,21.12340420484543,11,322
2023-11-18 12:00:00+00:00,7.299999999999999,17.323777049779892,16.701045115788776,16.86635724703471,12,322
2023-11-18 13:00:00+00:00,6.071428571428571,16.701045115788776,16.86635724703471,10.814613988002142,13,322
2023-11-18 14:00:00+00:00,6.457142857142857,16.86635724703471,10.814613988002142,4.985182464122772,14,322
2023-11-18 15:00:00+00:00,6.185714285714285,10.814613988002142,4.985182464122772,3.2342785596847534,15,322
2023-11-18 16:00:00+00:00,6.242857142857142,4.985182464122772,3.2342785596847534,2.629860987265905,16,322
2023-11-18 17:00:00+00:00,5.114285714285715,3.2342785596847534,2.629860987265905,2.351452728112539,17,322
2023-11-18 18:00:00+00:00,3.9857142857142853,2.629860987265905,2.351452728112539,2.346718152364095,18,322
2023-11-18 19:00:00+00:00,4.1,2.351452728112539,2.346718152364095,2.51427565018336,19,322
2023-11-18 20:00:00+00:00,4.3,2.346718152364095,2.51427565018336,2.796101748943329,20,322
2023-11-18 21:00:00+00:00,3.4285714285714284,2.51427565018336,2.796101748943329,3.510743260383606,21,322
2023-11-18 22:00:00+00:00,3.0,2.796101748943329,3.510743260383606,5.306008418401082,22,322
2023-11-18 23:00:00+00:00,2.6857142857142855,3.510743260383606,5.306008418401082,7.814925571282704,23,322
2023-11-19 00:00:00+00:00,3.028571428571429,5.306008418401082,7.814925571282704,10.762517929077148,0,323
2023-11-19 01:00:00+00:00,4.6571428571428575,7.814925571282704,10.762517929077148,14.192170917987823,1,323
2023-11-19 02:00:00+00:00,4.285714285714286,10.762517929077148,14.192170917987823,18.040865580240887,2,323
2023-11-19 03:00:00+00:00,4.885714285714285,14.192170917987823,18.040865580240887,21.93536094824473,3,323
2023-11-19 04:00:00+00:00,5.4,18.040865580240887,21.93536094824473,26.25256844361623,4,323
2023-11-19 05:00:00+00:00,6.642857142857143,21.93536094824473,26.25256844361623,30.29941435654958,5,323
2023-11-19 06:00:00+00:00,6.785714285714285,26.25256844361623,30.29941435654958,34.29562775293986,6,323
2023-11-19 07:00:00+00:00,7.328571428571428,30.29941435654958,34.29562775293986,37.94868723551432,7,323
2023-11-19 08:00:00+00:00,6.542857142857143,34.29562775293986,37.94868723551432,39.838879664738975,8,323
2023-11-19 09:00:00+00:00,5.857142857142857,37.94868723551432,39.838879664738975,39.81898021697998,9,323
2023-11-19 10:00:00+00:00,5.285714285714286,39.838879664738975,39.81898021697998,38.8033709526062,10,323
2023-11-19 11:00:00+00:00,5.028571428571428,39.81898021697998,38.8033709526062,36.84140292803446,11,323
2023-11-19 12:00:00+00:00,4.457142857142856,30.222174008687336,31.32125473022461,32.4099398056666,12,323
2023-11-19 13:00:00+00:00,3.1857142857142855,31.32125473022461,32.4099398056666,21.23049799601237,13,323
2023-11-19 14:00:00+00:00,3.3142857142857136,32.4099398056666,21.23049799601237,8.366721153259277,14,323
2023-11-19 15:00:00+00:00,5.128571428571428,21.23049799601237,8.366721153259277,4.2610578536987305,15,323
2023-11-19 16:00:00+00:00,5.114285714285715,8.366721153259277,4.2610578536987305,3.16107972462972,16,323
2023-11-19 17:00:00+00:00,3.442857142857143,4.2610578536987305,3.16107972462972,2.8676037788391118,17,323
2023-11-19 18:00:00+00:00,1.5571428571428572,3.16107972462972,2.8676037788391118,2.880967060724894,18,323
2023-11-19 19:00:00+00:00,0.9714285714285714,2.8676037788391118,2.880967060724894,3.0951308409372964,19,323
2023-11-19 20:00:00+00:00,1.8714285714285714,2.880967060724894,3.0951308409372964,3.502140680948893,20,323
2023-11-19 21:00:00+00:00,2.485714285714286,3.0951308409372964,3.502140680948893,4.4721198081970215,21,323
2023-11-19 22:00:00+00:00,2.1285714285714286,3.502140680948893,4.4721198081970215,5.968857049942017,22,323
2023-11-19 23:00:00+00:00,2.8428571428571425,4.4721198081970215,5.968857049942017,8.114551862080893,23,323
2023-11-20 00:00:00+00:00,3.6428571428571423,5.968857049942017,8.114551862080893,10.772796312967936,0,324
2023-11-20 01:00:00+00:00,6.199999999999998,8.114551862080893,10.772796312967936,13.47527003288269,1,324
2023-11-20 02:00:00+00:00,6.514285714285714,10.772796312967936,13.47527003288269,15.969664176305136,2,324
2023-11-20 03:00:00+00:00,7.557142857142858,13.47527003288269,15.969664176305136,18.28788185119629,3,324
2023-11-20 04:00:00+00:00,8.557142857142857,15.969664176305136,18.28788185119629,18.800465265909832,4,324
2023-11-20 05:00:00+00:00,8.185714285714285,18.28788185119629,18.800465265909832,15.436543862024942,5,324
2023-11-20 06:00:00+00:00,8.77142857142857,18.800465265909832,15.436543862024942,9.985389133294424,6,324
2023-11-20 07:00:00+00:00,9.814285714285713,15.436543862024942,9.985389133294424,5.664462347825368,7,324
2023-11-20 08:00:00+00:00,13.3,9.985389133294424,5.664462347825368,3.833016216754913,8,324
2023-11-20 09:00:00+00:00,11.585714285714285,5.664462347825368,3.833016216754913,3.411459763844808,9,324
2023-11-20 10:00:00+00:00,8.685714285714285,3.833016216754913,3.411459763844808,3.231874148050944,10,324
2023-11-20 11:00:00+00:00,8.585714285714285,3.411459763844808,3.231874148050944,3.432693660259247,11,324
2023-11-20 12:00:00+00:00,11.171428571428573,3.607599268356959,3.785505771636963,4.278958737850189,12,324
2023-11-20 13:00:00+00:00,10.6,3.785505771636963,4.278958737850189,4.56441189845403,13,324
2023-11-20 14:00:00+00:00,10.4,4.278958737850189,4.56441189845403,4.425540367762248,14,324
2023-11-20 15:00:00+00:00,12.085714285714285,4.56441189845403,4.425540367762248,4.72178300221761,15,324
2023-11-20 16:00:00+00:00,12.157142857142858,4.425540367762248,4.72178300221761,5.366566181182861,16,324
2023-11-20 17:00:00+00:00,11.3,4.72178300221761,5.366566181182861,5.911962668100993,17,324
2023-11-20 18:00:00+00:00,9.6,5.366566181182861,5.911962668100993,6.366703351338704,18,324
2023-11-20 19:00:00+00:00,9.342857142857143,5.911962668100993,6.366703351338704,6.734404404958089,19,324
2023-11-20 20:00:00+00:00,8.2,6.366703351338704,6.734404404958089,7.066325505574544,20,324
2023-11-20 21:00:00+00:00,6.999999999999999,6.734404404958089,7.066325505574544,7.741416931152344,21,324
2023-11-20 22:00:00+00:00,7.8428571428571425,7.066325505574544,7.741416931152344,8.427661259969076,22,324
2023-11-20 23:00:00+00:00,7.671428571428571,7.741416931152344,8.427661259969076,8.624165097872416,23,324
2023-11-21 00:00:00+00:00,8.814285714285715,8.427661259969076,8.624165097872416,8.564772129058838,0,325
2023-11-21 01:00:00+00:00,8.914285714285715,8.624165097872416,8.564772129058838,8.529106616973877,1,325
2023-11-21 02:00:00+00:00,11.171428571428573,8.564772129058838,8.529106616973877,8.401789347330729,2,325
2023-11-21 03:00:00+00:00,12.471428571428572,8.529106616973877,8.401789347330729,8.184680700302124,3,325
2023-11-21 04:00:00+00:00,14.385714285714286,8.401789347330729,8.184680700302124,7.7516045570373535,4,325
2023-11-21 05:00:00+00:00,10.628571428571428,8.184680700302124,7.7516045570373535,6.8469193776448565,5,325
2023-11-21 06:00:00+00:00,9.999999999999998,7.7516045570373535,6.8469193776448565,5.714988311131795,6,325
2023-11-21 07:00:00+00:00,11.914285714285713,6.8469193776448565,5.714988311131795,4.901746988296509,7,325
2023-11-21 08:00:00+00:00,12.0,5.714988311131795,4.901746988296509,4.413974046707153,8,325
2023-11-21 09:00:00+00:00,10.700000000000001,4.901746988296509,4.413974046707153,4.197874704996745,9,325
2023-11-21 10:00:00+00:00,9.642857142857144,4.413974046707153,4.197874704996745,4.181807736555736,10,325
2023-11-21 11:00:00+00:00,9.042857142857143,4.197874704996745,4.181807736555736,4.4278327624003095,11,325
2023-11-21 12:00:00+00:00,7.557142857142857,4.401716232299805,4.699291149775188,5.798631985982259,12,325
2023-11-21 13:00:00+00:00,7.014285714285714,4.699291149775188,5.798631985982259,7.040392935276032,13,325
2023-11-21 14:00:00+00:00,6.485714285714286,5.798631985982259,7.040392935276032,6.020964543024699,14,325
2023-11-21 15:00:00+00:00,8.114285714285716,7.040392935276032,6.020964543024699,5.241756717363994,15,325
2023-11-21 16:00:00+00:00,6.685714285714285,6.020964543024699,5.241756717363994,4.490987936655681,16,325
2023-11-21 17:00:00+00:00,4.928571428571429,5.241756717363994,4.490987936655681,4.112974464893341,17,325
2023-11-21 18:00:00+00:00,3.528571428571429,4.490987936655681,4.112974464893341,4.106299082438151,18,325
2023-11-21 19:00:00+00:00,4.828571428571428,4.112974464893341,4.106299082438151,4.2851788798968,19,325
2023-11-21 20:00:00+00:00,4.2,4.106299082438151,4.2851788798968,4.944933732350667,20,325
2023-11-21 21:00:00+00:00,1.885714285714286,4.2851788798968,4.944933732350667,7.287457823753357,21,325
2023-11-21 22:00:00+00:00,1.3428571428571427,4.944933732350667,7.287457823753357,9.77999899784724,22,325
2023-11-21 23:00:00+00:00,0.8714285714285716,7.287457823753357,9.77999899784724,12.405451854070028,23,325
2023-11-22 00:00:00+00:00,2.6714285714285713,9.77999899784724,12.405451854070028,14.427196025848389,0,326
2023-11-22 01:00:00+00:00,5.985714285714286,12.405451854070028,14.427196025848389,15.8465682665507,1,326
2023-11-22 02:00:00+00:00,6.8999999999999995,14.427196025848389,15.8465682665507,16.221140066782635,2,326
2023-11-22 03:00:00+00:00,6.4,15.8465682665507,16.221140066782635,16.007188717524212,3,326
2023-11-22 04:00:00+00:00,7.228571428571429,16.221140066782635,16.007188717524212,15.917366782824198,4,326
2023-11-22 05:00:00+00:00,9.4,16.007188717524212,15.917366782824198,14.17770246664683,5,326
2023-11-22 06:00:00+00:00,7.771428571428571,15.917366782824198,14.17770246664683,12.45757790406545,6,326
2023-11-22 07:00:00+00:00,8.1,14.17770246664683,12.45757790406545,10.92069943745931,7,326
2023-11-22 08:00:00+00:00,4.714285714285714,12.45757790406545,10.92069943745931,9.85719378789266,8,326
2023-11-22 09:00:00+00:00,5.1571428571428575,10.92069943745931,9.85719378789266,9.277398109436035,9,326
2023-11-22 10:00:00+00:00,5.014285714285714,9.85719378789266,9.277398109436035,9.137541135152182,10,326
2023-11-22 11:00:00+00:00,4.671428571428571,9.277398109436035,9.137541135152182,9.502520362536112,11,326
2023-11-22 12:00:00+00:00,4.8428571428571425,19.00292841593425,22.9853998819987,28.16333270072937,12,326
2023-11-22 13:00:00+00:00,5.614285714285714,22.9853998819987,28.16333270072937,31.632168292999268,13,326
2023-11-22 14:00:00+00:00,5.528571428571428,28.16333270072937,31.632168292999268,26.55654811859131,14,326
2023-11-22 15:00:00+00:00,5.0,31.632168292999268,26.55654811859131,14.208815773328146,15,326
2023-11-22 16:00:00+00:00,5.771428571428571,26.55654811859131,14.208815773328146,10.888717412948608,16,326
2023-11-22 17:00:00+00:00,5.485714285714286,14.208815773328146,10.888717412948608,10.151031573613484,17,326
2023-11-22 18:00:00+00:00,3.7142857142857144,10.888717412948608,10.151031573613484,10.419793764750162,18,326
2023-11-22 19:00:00+00:00,2.3285714285714287,10.151031573613484,10.419793764750162,10.31316101551056,19,326
2023-11-22 20:00:00+00:00,1.5857142857142859,10.419793764750162,10.31316101551056,11.056187947591146,20,326
2023-11-22 21:00:00+00:00,0.6714285714285715,10.31316101551056,11.056187947591146,13.866566260655722,21,326
2023-11-22 22:00:00+00:00,1.3,11.056187947591146,13.866566260655722,16.593276977539062,22,326
2023-11-22 23:00:00+00:00,2.542857142857143,13.866566260655722,16.593276977539062,20.20895226796468,23,326
2023-11-23 00:00:00+00:00,1.842857142857143,16.593276977539062,20.20895226796468,25.38235723972321,0,327
2023-11-23 01:00:00+00:00,3.642857142857143,20.20895226796468,25.38235723972321,31.039600650469463,1,327
2023-11-23 02:00:00+00:00,7.628571428571429,25.38235723972321,31.039600650469463,35.6598273118337,2,327
2023-11-23 03:00:00+00:00,8.785714285714286,31.039600650469463,35.6598273118337,40.59195454915365,3,327
2023-11-23 04:00:00+00:00,10.542857142857143,35.6598273118337,40.59195454915365,42.11197916666666,4,327
2023-11-23 05:00:00+00:00,11.62857142857143,40.59195454915365,42.11197916666666,44.413867473602295,5,327
2023-11-23 06:00:00+00:00,10.62857142857143,42.11197916666666,44.413867473602295,44.57932583491007,6,327
2023-11-23 07:00:00+00:00,13.828571428571427,44.413867473602295,44.57932583491007,43.833770871162415,7,327
2023-11-23 08:00:00+00:00,13.62857142857143,44.57932583491007,43.833770871162415,41.833536903063454,8,327
2023-11-23 09:00:00+00:00,13.328571428571431,43.833770871162415,41.833536903063454,41.84098354975382,9,327
2023-11-23 10:00:00+00:00,12.8,41.833536903063454,41.84098354975382,43.29040543238322,10,327
2023-11-23 11:00:00+00:00,10.657142857142857,41.84098354975382,43.29040543238322,45.76000452041626,11,327
2023-11-23 12:00:00+00:00,9.728571428571428,84.57083574930827,88.03921572367351,93.97287623087566,12,327
2023-11-23 13:00:00+00:00,9.071428571428571,88.03921572367351,93.97287623087566,80.92586771647136,13,327
2023-11-23 14:00:00+00:00,9.4,93.97287623087566,80.92586771647136,48.73966534932455,14,327
2023-11-23 15:00:00+00:00,8.614285714285714,80.92586771647136,48.73966534932455,33.323193629582725,15,327
2023-11-23 16:00:00+00:00,8.6,48.73966534932455,33.323193629582725,23.632376313209534,16,327
2023-11-23 17:00:00+00:00,7.371428571428571,33.323193629582725,23.632376313209534,17.9052947362264,17,327
2023-11-23 18:00:00+00:00,5.842857142857143,23.632376313209534,17.9052947362264,17.199687480926514,18,327
2023-11-23 19:00:00+00:00,4.5,17.9052947362264,17.199687480926514,18.32712809244792,19,327
2023-11-23 20:00:00+00:00,3.8857142857142852,17.199687480926514,18.32712809244792,19.897868355115254,20,327
2023-11-23 21:00:00+00:00,5.357142857142857,18.32712809244792,19.897868355115254,21.81937026977539,21,327
2023-11-23 22:00:00+00:00,6.042857142857143,19.897868355115254,21.81937026977539,25.03783170382182,22,327
2023-11-23 23:00:00+00:00,5.7,21.81937026977539,25.03783170382182,27.09797032674153,23,327
2023-11-24 00:00:00+00:00,7.5857142857142845,25.03783170382182,27.09797032674153,28.776531219482425,0,328
2023-11-24 01:00:00+00:00,9.957142857142856,27.09797032674153,28.776531219482425,31.323206583658852,1,328
2023-11-24 02:00:00+00:00,10.514285714285714,28.776531219482425,31.323206583658852,34.9843635559082,2,328
2023-11-24 03:00:00+00:00,9.985714285714286,31.323206583658852,34.9843635559082,38.57203102111816,3,328
2023-11-24 04:00:00+00:00,9.471428571428572,34.9843635559082,38.57203102111816,41.36105664571127,4,328
2023-11-24 05:00:00+00:00,9.457142857142857,38.57203102111816,41.36105664571127,43.40953302383423,5,328
2023-11-24 06:00:00+00:00,8.700000000000001,41.36105664571127,43.40953302383423,43.82741038004557,6,328
2023-11-24 07:00:00+00:00,10.12857142857143,43.40953302383423,43.82741038004557,43.3992608388265,7,328
2023-11-24 08:00:00+00:00,8.642857142857142,43.82741038004557,43.3992608388265,42.67278997103373,8,328
2023-11-24 09:00:00+00:00,8.471428571428572,43.3992608388265,42.67278997103373,42.17950757344564,9,328
2023-11-24 10:00:00+00:00,7.757142857142857,42.67278997103373,42.17950757344564,42.95572098096212,10,328
2023-11-24 11:00:00+00:00,9.571428571428571,42.17950757344564,42.95572098096212,45.08226203918457,11,328
2023-11-24 12:00:00+00:00,9.428571428571429,59.668732325236,64.01500574747722,68.57302443186443,12,328
2023-11-24 13:00:00+00:00,9.485714285714284,64.01500574747722,68.57302443186443,60.42227935791016,13,328
2023-11-24 14:00:00+00:00,9.442857142857141,68.57302443186443,60.42227935791016,38.51781972249349,14,328
2023-11-24 15:00:00+00:00,10.057142857142859,60.42227935791016,38.51781972249349,25.90157922108968,15,328
2023-11-24 16:00:00+00:00,9.8,38.51781972249349,25.90157922108968,20.31460777918498,16,328
2023-11-24 17:00:00+00:00,9.471428571428572,25.90157922108968,20.31460777918498,19.87562878926595,17,328
2023-11-24 18:00:00+00:00,7.97142857142857,20.31460777918498,19.87562878926595,18.72889868418376,18,328
2023-11-24 19:00:00+00:00,6.328571428571429,19.87562878926595,18.72889868418376,19.122703234354656,19,328
2023-11-24 20:00:00+00:00,5.3571428571428585,18.72889868418376,19.122703234354656,20.21945699055989,20,328
2023-11-24 21:00:00+00:00,6.085714285714287,19.122703234354656,20.21945699055989,26.67792280515035,21,328
2023-11-24 22:00:00+00:00,6.8571428571428585,20.21945699055989,26.67792280515035,35.47329600652059,22,328
2023-11-24 23:00:00+00:00,7.071428571428571,26.67792280515035,35.47329600652059,44.82495832443237,23,328
2023-11-25 00:00:00+00:00,8.342857142857142,35.47329600652059,44.82495832443237,56.13942941029867,0,329
2023-11-25 01:00:00+00:00,7.928571428571429,44.82495832443237,56.13942941029867,68.15630849202473,1,329
2023-11-25 02:00:00+00:00,8.671428571428573,56.13942941029867,68.15630849202473,79.04775683085124,2,329
2023-11-25 03:00:00+00:00,11.085714285714285,68.15630849202473,79.04775683085124,90.25905863444012,3,329
2023-11-25 04:00:00+00:00,13.185714285714285,79.04775683085124,90.25905863444012,98.63540236155193,4,329
2023-11-25 05:00:00+00:00,14.842857142857143,90.25905863444012,98.63540236155193,102.16846720377605,5,329
2023-11-25 06:00:00+00:00,16.728571428571428,98.63540236155193,102.16846720377605,101.4851729075114,6,329
2023-11-25 07:00:00+00:00,15.657142857142857,102.16846720377605,101.4851729075114,97.47233136494954,7,329
2023-11-25 08:00:00+00:00,17.785714285714285,101.4851729075114,97.47233136494954,90.50772476196288,8,329
2023-11-25 09:00:00+00:00,14.87142857142857,97.47233136494954,90.50772476196288,81.03279113769531,9,329
2023-11-25 10:00:00+00:00,12.900000000000002,90.50772476196288,81.03279113769531,69.15866025288899,10,329
2023-11-25 11:00:00+00:00,10.42857142857143,81.03279113769531,69.15866025288899,56.05583906173706,11,329
2023-11-25 12:00:00+00:00,9.342857142857143,73.36779721577962,58.9226721127828,47.0913314819336,12,329
2023-11-25 13:00:00+00:00,8.214285714285715,58.9226721127828,47.0913314819336,36.15574383735657,13,329
2023-11-25 14:00:00+00:00,8.528571428571428,47.0913314819336,36.15574383735657,19.327160676320396,14,329
2023-11-25 15:00:00+00:00,9.514285714285714,36.15574383735657,19.327160676320396,10.632555603981018,15,329
2023-11-25 16:00:00+00:00,10.328571428571427,19.327160676320396,10.632555603981018,7.051883697509766,16,329
2023-11-25 17:00:00+00:00,10.900000000000002,10.632555603981018,7.051883697509766,6.484834909439087,17,329
2023-11-25 18:00:00+00:00,8.557142857142857,7.051883697509766,6.484834909439087,5.352351943651835,18,329
2023-11-25 19:00:00+00:00,5.5857142857142845,6.484834909439087,5.352351943651835,5.5406444271405535,19,329
2023-11-25 20:00:00+00:00,3.9,5.352351943651835,5.5406444271405535,6.675219813982646,20,329
2023-11-25 21:00:00+00:00,3.342857142857143,5.5406444271405535,6.675219813982646,9.138636906941732,21,329
2023-11-25 22:00:00+00:00,3.671428571428571,6.675219813982646,9.138636906941732,12.360662539800009,22,329
2023-11-25 23:00:00+00:00,5.557142857142858,9.138636906941732,12.360662539800009,13.983705520629885,23,329
2023-11-26 00:00:00+00:00,5.914285714285714,12.360662539800009,13.983705520629885,13.919336398442589,0,330
2023-11-26 01:00:00+00:00,8.3,13.983705520629885,13.919336398442589,12.212722023328146,1,330
2023-11-26 02:00:00+00:00,8.785714285714286,13.919336398442589,12.212722023328146,12.087022622426352,2,330
2023-11-26 03:00:00+00:00,11.899999999999997,12.212722023328146,12.087022622426352,11.964329481124878,3,330
2023-11-26 04:00:00+00:00,12.328571428571427,12.087022622426352,11.964329481124878,11.838965892791748,4,330
2023-11-26 05:00:00+00:00,10.857142857142858,11.964329481124878,11.838965892791748,11.629300594329834,5,330
2023-11-26 06:00:00+00:00,11.628571428571428,11.838965892791748,11.629300594329834,11.24240485827128,6,330
2023-11-26 07:00:00+00:00,11.842857142857142,11.629300594329834,11.24240485827128,10.84541396299998,7,330
2023-11-26 08:00:00+00:00,9.0,11.24240485827128,10.84541396299998,10.389968713124594,8,330
2023-11-26 09:00:00+00:00,11.214285714285714,10.84541396299998,10.389968713124594,9.752091884613035,9,330
2023-11-26 10:00:00+00:00,15.5,10.389968713124594,9.752091884613035,9.720832705497742,10,330
2023-11-26 11:00:00+00:00,5.828571428571428,9.752091884613035,9.720832705497742,9.988667805989584,11,330
2023-11-26 12:00:00+00:00,6.799999999999999,8.962810834248861,9.034029006958008,10.65924040476481,12,330
2023-11-26 13:00:00+00:00,4.928571428571429,9.034029006958008,10.65924040476481,11.428720474243164,13,330
2023-11-26 14:00:00+00:00,3.8285714285714283,10.65924040476481,11.428720474243164,9.049397150675455,14,330
2023-11-26 15:00:00+00:00,3.8285714285714287,11.428720474243164,9.049397150675455,8.018239657084147,15,330
2023-11-26 16:00:00+00:00,5.642857142857143,9.049397150675455,8.018239657084147,6.922986348470052,16,330
2023-11-26 17:00:00+00:00,3.7428571428571433,8.018239657084147,6.922986348470052,6.242783387502034,17,330
2023-11-26 18:00:00+00:00,1.8000000000000003,6.922986348470052,6.242783387502034,6.00614054997762,18,330
2023-11-26 19:00:00+00:00,2.0428571428571423,6.242783387502034,6.00614054997762,6.141180356343587,19,330
2023-11-26 20:00:00+00:00,1.5,6.00614054997762,6.141180356343587,7.22496481736501,20,330
2023-11-26 21:00:00+00:00,0.8999999999999999,6.141180356343587,7.22496481736501,9.130578676859535,21,330
2023-11-26 22:00:00+00:00,1.9000000000000001,7.22496481736501,9.130578676859535,11.20335833231608,22,330
2023-11-26 23:00:00+00:00,2.5285714285714285,9.130578676859535,11.20335833231608,12.846248070398966,23,330
2023-11-27 00:00:00+00:00,1.8714285714285714,11.20335833231608,12.846248070398966,14.530702590942385,0,331
2023-11-27 01:00:00+00:00,4.814285714285714,12.846248070398966,14.530702590942385,16.278584162394207,1,331
2023-11-27 02:00:00+00:00,6.242857142857145,14.530702590942385,16.278584162394207,18.100308100382488,2,331
2023-11-27 03:00:00+00:00,7.457142857142856,16.278584162394207,18.100308100382488,18.77871322631836,3,331
2023-11-27 04:00:00+00:00,10.0,18.100308100382488,18.77871322631836,17.427674651145935,4,331
2023-11-27 05:00:00+00:00,9.057142857142857,18.77871322631836,17.427674651145935,15.656129876772562,5,331
2023-11-27 06:00:00+00:00,6.5,17.427674651145935,15.656129876772562,14.171627044677734,6,331
2023-11-27 07:00:00+00:00,6.171428571428571,15.656129876772562,14.171627044677734,13.017699559529625,7,331
2023-11-27 08:00:00+00:00,7.314285714285714,14.171627044677734,13.017699559529625,12.649868170420328,8,331
2023-11-27 09:00:00+00:00,7.985714285714286,13.017699559529625,12.649868170420328,12.47981858253479,9,331
2023-11-27 10:00:00+00:00,6.471428571428572,12.649868170420328,12.47981858253479,12.567295471827189,10,331
2023-11-27 11:00:00+00:00,4.614285714285714,12.47981858253479,12.567295471827189,13.052480697631836,11,331
2023-11-27 12:00:00+00:00,5.2,13.810364961624146,13.689317067464192,15.11271858215332,12,331
2023-11-27 13:00:00+00:00,6.7,13.689317067464192,15.11271858215332,16.40440622965495,13,331
2023-11-27 14:00:00+00:00,6.142857142857143,15.11271858215332,16.40440622965495,11.63502057393392,14,331
2023-11-27 15:00:00+00:00,6.6571428571428575,16.40440622965495,11.63502057393392,7.869969367980957,15,331
2023-11-27 16:00:00+00:00,6.699999999999998,11.63502057393392,7.869969367980957,6.740946054458618,16,331
2023-11-27 17:00:00+00:00,5.071428571428571,7.869969367980957,6.740946054458618,6.227227528889974,17,331
2023-11-27 18:00:00+00:00,4.0,6.740946054458618,6.227227528889974,6.116475264231364,18,331
2023-11-27 19:00:00+00:00,2.4571428571428577,6.227227528889974,6.116475264231364,6.509885470072429,19,331
2023-11-27 20:00:00+00:00,1.857142857142857,6.116475264231364,6.509885470072429,7.889201045036316,20,331
2023-11-27 21:00:00+00:00,2.8857142857142857,6.509885470072429,7.889201045036316,11.22854487101237,21,331
2023-11-27 22:00:00+00:00,2.1714285714285713,7.889201045036316,11.22854487101237,14.14409637451172,22,331
2023-11-27 23:00:00+00:00,1.4142857142857141,11.22854487101237,14.14409637451172,17.995657602945965,23,331
2023-11-28 00:00:00+00:00,3.228571428571428,14.14409637451172,17.995657602945965,22.46700668334961,0,332
2023-11-28 01:00:00+00:00,5.957142857142858,17.995657602945965,22.46700668334961,26.9991147518158,1,332
2023-11-28 02:00:00+00:00,3.942857142857143,22.46700668334961,26.9991147518158,31.34214782714844,2,332
2023-11-28 03:00:00+00:00,5.414285714285714,26.9991147518158,31.34214782714844,35.204414208730064,3,332
2023-11-28 04:00:00+00:00,9.328571428571431,31.34214782714844,35.204414208730064,36.23972471555074,4,332
2023-11-28 05:00:00+00:00,11.72857142857143,35.204414208730064,36.23972471555074,34.47279636065165,5,332
2023-11-28 06:00:00+00:00,9.62857142857143,36.23972471555074,34.47279636065165,29.12528149286906,6,332
2023-11-28 07:00:00+00:00,11.114285714285716,34.47279636065165,29.12528149286906,24.57495395342509,7,332
2023-11-28 08:00:00+00:00,9.642857142857142,29.12528149286906,24.57495395342509,21.7335680325826,8,332
2023-11-28 09:00:00+00:00,10.114285714285714,24.57495395342509,21.7335680325826,19.70347181955973,9,332
2023-11-28 10:00:00+00:00,9.87142857142857,21.7335680325826,19.70347181955973,17.869097312291462,10,332
2023-11-28 11:00:00+00:00,8.757142857142856,19.70347181955973,17.869097312291462,17.146198908487957,11,332
2023-11-28 12:00:00+00:00,11.27142857142857,43.26192204157511,40.36644204457601,39.2873207728068,12,332
2023-11-28 13:00:00+00:00,6.228571428571429,40.36644204457601,39.2873207728068,40.80345916748047,13,332
2023-11-28 14:00:00+00:00,8.471428571428572,39.2873207728068,40.80345916748047,35.45245361328125,14,332
2023-11-28 15:00:00+00:00,11.27142857142857,40.80345916748047,35.45245361328125,24.7527760664622,15,332
2023-11-28 16:00:00+00:00,9.183333333333334,35.45245361328125,24.7527760664622,22.970603783925373,16,332
2023-11-28 17:00:00+00:00,8.257142857142858,24.7527760664622,22.970603783925373,22.325660705566406,17,332
2023-11-28 18:00:00+00:00,5.95,22.970603783925373,22.325660705566406,21.166632095972695,18,332
2023-11-28 19:00:00+00:00,6.383333333333333,22.325660705566406,21.166632095972695,22.51465980211894,19,332
2023-11-28 20:00:00+00:00,5.8,21.166632095972695,22.51465980211894,21.876864115397137,20,332
2023-11-28 21:00:00+00:00,3.614285714285714,22.51465980211894,21.876864115397137,30.944112459818523,21,332
2023-11-28 22:00:00+00:00,3.8714285714285714,21.876864115397137,30.944112459818523,39.65654754638672,22,332
2023-11-28 23:00:00+00:00,5.1571428571428575,30.944112459818523,39.65654754638672,47.72575585047404,23,332
2023-11-29 00:00:00+00:00,5.185714285714285,39.65654754638672,47.72575585047404,56.50368408362071,0,333
2023-11-29 01:00:00+00:00,7.471428571428573,47.72575585047404,56.50368408362071,67.46197577317555,1,333
2023-11-29 02:00:00+00:00,7.042857142857143,56.50368408362071,67.46197577317555,80.89311854044597,2,333
2023-11-29 03:00:00+00:00,8.9,67.46197577317555,80.89311854044597,96.0202985604604,3,333
2023-11-29 04:00:00+00:00,11.671428571428574,80.89311854044597,96.0202985604604,111.52524995803832,4,333
2023-11-29 05:00:00+00:00,11.271428571428572,96.0202985604604,111.52524995803832,125.68614061673482,5,333
2023-11-29 06:00:00+00:00,12.342857142857142,111.52524995803832,125.68614061673482,137.5225625038147,6,333
2023-11-29 07:00:00+00:00,13.114285714285714,125.68614061673482,137.5225625038147,145.38091007868448,7,333
2023-11-29 08:00:00+00:00,14.299999999999999,137.5225625038147,145.38091007868448,148.87508153915405,8,333
2023-11-29 09:00:00+00:00,13.62857142857143,145.38091007868448,148.87508153915405,148.58140786488852,9,333
2023-11-29 10:00:00+00:00,10.014285714285714,148.87508153915405,148.58140786488852,144.45007864634195,10,333
2023-11-29 11:00:00+00:00,10.385714285714284,148.58140786488852,144.45007864634195,139.84570455551147,11,333
2023-11-29 12:00:00+00:00,11.142857142857142,148.27017736434937,143.3625742594401,136.2706707318624,12,333
2023-11-29 13:00:00+00:00,9.842857142857143,143.3625742594401,136.2706707318624,97.49588060379028,13,333
2023-11-29 14:00:00+00:00,9.228571428571428,136.2706707318624,97.49588060379028,42.48257239659628,14,333
2023-11-29 15:00:00+00:00,13.157142857142858,97.49588060379028,42.48257239659628,29.57410709063212,15,333
2023-11-29 16:00:00+00:00,12.814285714285715,42.48257239659628,29.57410709063212,24.588483770688374,16,333
2023-11-29 17:00:00+00:00,11.157142857142858,29.57410709063212,24.588483770688374,21.007102966308597,17,333
2023-11-29 18:00:00+00:00,9.057142857142859,24.588483770688374,21.007102966308597,17.87418035666148,18,333
2023-11-29 19:00:00+00:00,7.0,21.007102966308597,17.87418035666148,15.12347662448883,19,333
2023-11-29 20:00:00+00:00,6.057142857142858,17.87418035666148,15.12347662448883,12.87479301293691,20,333
2023-11-29 21:00:00+00:00,5.214285714285714,15.12347662448883,12.87479301293691,12.063761432965595,21,333
2023-11-29 22:00:00+00:00,4.957142857142857,12.87479301293691,12.063761432965595,13.343091150124868,22,333
2023-11-29 23:00:00+00:00,4.5,12.063761432965595,13.343091150124868,15.658329745133718,23,333
2023-11-30 00:00:00+00:00,3.0,13.343091150124868,15.658329745133718,17.94819086790085,0,334
2023-11-30 01:00:00+00:00,3.328571428571429,15.658329745133718,17.94819086790085,18.97990506887436,1,334
2023-11-30 02:00:00+00:00,5.114285714285714,17.94819086790085,18.97990506887436,21.47724066178004,2,334
2023-11-30 03:00:00+00:00,6.6000000000000005,18.97990506887436,21.47724066178004,23.621130843957264,3,334
2023-11-30 04:00:00+00:00,7.985714285714287,21.47724066178004,23.621130843957264,26.88678522904714,4,334
2023-11-30 05:00:00+00:00,7.971428571428572,23.621130843957264,26.88678522904714,29.783132135868076,5,334
2023-11-30 06:00:00+00:00,6.8428571428571425,26.88678522904714,29.783132135868076,28.903565883636475,6,334
2023-11-30 07:00:00+00:00,6.571428571428571,29.783132135868076,28.903565883636475,30.298263827959698,7,334
2023-11-30 08:00:00+00:00,7.628571428571429,28.903565883636475,30.298263827959698,31.997955322265625,8,334
2023-11-30 09:00:00+00:00,7.357142857142857,30.298263827959698,31.997955322265625,33.8439128001531,9,334
2023-11-30 10:00:00+00:00,6.6,31.997955322265625,33.8439128001531,35.74691422780355,10,334
2023-11-30 11:00:00+00:00,6.157142857142857,33.8439128001531,35.74691422780355,37.42013641198477,11,334
2023-11-30 12:00:00+00:00,6.6,39.18380983670553,41.9913969039917,45.0213238398234,12,334
2023-11-30 13:00:00+00:00,7.271428571428571,41.9913969039917,45.0213238398234,34.87403925259908,13,334
2023-11-30 14:00:00+00:00,9.657142857142857,45.0213238398234,34.87403925259908,21.56331531206767,14,334
2023-11-30 15:00:00+00:00,10.457142857142856,34.87403925259908,21.56331531206767,14.776657183965048,15,334
2023-11-30 16:00:00+00:00,10.114285714285714,21.56331531206767,14.776657183965048,11.603659311930338,16,334
2023-11-30 17:00:00+00:00,11.557142857142855,14.776657183965048,11.603659311930338,9.529835402965546,17,334
2023-11-30 18:00:00+00:00,8.433333333333335,11.603659311930338,9.529835402965546,8.201159457365671,18,334
2023-11-30 19:00:00+00:00,7.316666666666667,9.529835402965546,8.201159457365671,7.407097458839416,19,334
2023-11-30 20:00:00+00:00,7.216666666666666,8.201159457365671,7.407097458839416,6.992423454920451,20,334
2023-11-30 21:00:00+00:00,6.428571428571429,7.407097458839416,6.992423454920451,7.857074717680613,21,334
2023-11-30 22:00:00+00:00,5.928571428571429,6.992423454920451,7.857074717680613,10.65704639752706,22,334
2023-11-30 23:00:00+00:00,5.728571428571429,7.857074717680613,10.65704639752706,14.969155629475912,23,334
